{"cameraMode":{"drawMode":0,"name":"Shaded","section":"Shading Mode"},"sceneLighting":false,"audioPlay":false,"sceneViewState":{"showFog":true,"showMaterialUpdate":false,"showSkybox":false,"showFlares":true,"showImageEffects":true,"showParticleSystems":true},"in2DMode":false,"pivot":{"x":1.2300000190734864,"y":1.690000057220459,"z":35.869998931884769},"rotation":{"x":0.22990548610687257,"y":-0.08164289593696594,"z":0.019374467432498933,"w":0.9696245789527893},"size":1.2247449159622193,"orthographic":false}